sequence,disruption
TACCAACTAGATGACAGTA,-10.448747772006474
CCTCCCGTAGGGGGCGAGG,-7.366364584316737
TTGGCACCAGTGGGAAGAG,-9.381822658585156
TAGCCAAAAGGTAGAAGCA,-11.45730307089639
GGTCCTGCCGAGGGCGGCC,-7.1762395594275405
CGGCCTGCTGGGGACACTG,-10.32781741300849
CTACCACTAAAGGGAAAAA,-8.965986854848772
TGTCCACTGGGGGAAAATC,-8.777251546226179
AACCCAGGAGGTGGAGGTT,-9.402477213285094
GTGCCACCAGAGATCAGCT,-9.748339673334621
TGAACAGCAGGTGATAGCT,-8.97646881298367
CGGCCACCATAAGGTGGTC,-9.24392487356339
CAACCTGTAGGGGGAGACA,-6.6603061673129025
AACCCAGGAGGTGGAGGTT,-9.49519701111537
CTCCCACAAGGTGGAAAAG,-8.947494628844124
TGGCCTGCAGGTGTCCCAG,-9.186344900374543
TGGACAGTAGGTGGCGCTG,-2.779430734202642
CCACCTGGAGGGGCCGGCG,-8.154964201235092
AACCCAGGAGGTGGAGGTT,-10.057000188132726
AGGCCACAAGGTGGTGATG,-5.11726322581171
TAAGCACTAGAAGGCTCTG,-10.1096831316516
TGCCCACTAGATGCCAGTA,-7.51291193482201
TGGATACCAGAGGGCGGAA,-8.814537023655125
CGGCCAGGAAGAGGCAGCC,-7.709986551478296
TGACCAACTGATGGCAATT,-9.318364204692893
TCACCTGCAGAGGATGGAG,-9.50187795269439
ATACCAGTAGATGGATGCT,-9.940136952729622
CAGCCAGCAGATGGCTCTA,-5.492954078850194
TTGCCAGTATATGGTGCTG,-8.977228504853281
TGCTCAGCAGGTGTCAGAA,-9.881018745719759
TAGCCACTGGGTGGAATCA,-8.378009841998226
GGGACTGCAGGTGGAGCTG,-7.85844950945497
GGATCACTAGAGGTCAGGA,-9.227622717051107
CCACCAGGAGGTGGAGGTT,-7.256083293479162
TCTCCAGCGGAAGGCAGCA,-7.454184875785419
GCTCCAGCAGAGGCTGGTA,-8.48561816504509
GGGCCACAAGAGGAAAAAA,-8.502798842879672
TGGCCAGTTGAGGTAGCTC,-9.220139632922686
TGGCTTCCAGGGGGCCCCA,-9.427749296524551
CAGCCAGGAGATGACATTT,-10.252827201903683
CAGACACTAGGTAGCACAC,-9.85670363550388
TCCCCACAAGGAGGATCTG,-8.783558061439988
TGGCCTGGAGGGGAGGGCA,-9.386818140878487
ACAACACCAGGGGGTAGAT,-10.062053177988227
TAACCAGTAAGTGGTAGAC,-10.740549829769614
ATACCAGCTGAGGGTGGGA,-8.78275754742023
AGGCCAGGAGTTGGAAGCC,-9.874493572390682
TGGACAGTAGAGAGAGGTA,-10.056034643287498
ACTGCACCAGTGGGCGCCC,-7.4428606339077295
TGAGCTGCAGATGGAGGTA,-9.012383259336552
TTGACGCCAGGGGTAGGCG,-8.734925166607216
TCCCCTTCAGGTGGAGGTA,-7.982569146028194
AACCCACCAGAAGGAAGAA,-8.907788512547107
TGGTCTGGAGGAGGCACTC,-9.557266772328466
AGACCACAAGATGAGGCTG,-10.07786551842967
AGACCACCAGAAGCCAGGG,-10.479382100044685
AACCCAGGAGGTGGAGGTT,-9.934495181294551
TACCCCCCAGGTGGAAACA,-9.852368579067825
ATGGCAACAGGTGGCAGAC,-9.531795811200924
TGGCCACAAGGAGAAAGAC,-10.03246150743891
TGTCCCCTAGGGGGAAAAT,-8.665226690457672
TCACCAGAAGAAGTTGCCC,-8.775026716569174
AACCCAGGAGGTGGAGGTT,-9.19067881271886
CTCCCACCAGGTGCCTCTC,-7.8362618509595166
TGGCCAACATGGGGAAACC,-9.259746658603913
TTGCCAGGAGCTGGAGGAG,-9.373349587643082
ATACCACTAGGAGTAGCTC,-8.67589182042101
GTGCCATCAGAGGACAGAA,-9.025655629944122
AGTCCAGTGGGAGGCACAG,-9.952278339567487
TCACTGCTAGGGGGCAGGC,-9.347960976914646
AACCCAGGAGGTGGAGGCT,-9.584471778723838
GGACCACAGGAGGGCACCA,-4.5806755358035804
TTGGTAGTAGGTGGCACCA,-9.563776992065343
AGACCACCTGAGGTCAGGA,-8.910877835464712
AACCCAGGAGGTGGAGGTT,-9.486790941650414
AACCCAGGAGGTGGAGGCT,-8.468414486603455
CTTCAAGCAGAGGTCACTC,-7.723349557210514
TCGCCGGCAGGGCGCAGCC,-6.123832518583264
AAACCACAAGGGAGAGCAA,-9.042239598136621
TGGGCTCCAGGTGAAACCA,-8.72187934366038
GGGACGCCAGGGGTTGCCA,-7.697322708933652
AGACCTCAAGATGACAGAG,-8.753738359364993
GTGCCCACAGGTGGAGCCC,-7.492134527408943
ACTCCAGTTGGGGGAGCTC,-8.64269377076281
TTGCCAGTGGATGAAGCCC,-9.45091141490584
GAGCCACAGGAGGGCTCTG,-7.511914951200186
TTGCCTCCAGGCAGCACTG,-8.067662266409718
ACACCACCAGGTGCCAGCC,-7.5536988413588295
TGGACACCAGGCAGCAGTG,-9.64613327240333
CTCCCAGTAGAGGACAAGA,-8.402017648496878
AGCCCAGGAGGTGGAGGTT,-9.950574471588595
TGGCCAGGAGAGAGAGAAA,-9.958150027606756
TTACAGGCAGGTGTCACCA,-9.999336660627616
TATCCACCTGAGTGCAGTC,-9.311704009862714
TGTCCAGCAGGTGCTGAAG,-9.852372556723251
CATCCTGGAGATGGCAGCA,-7.254647853856672
GCCCCTGCAGGTGGCGGGA,-7.040367388644127
CAGCCTGAAGGAGACACTG,-8.991455896695904
AACCCAGGAGGTGGAGGTT,-9.179855398136816
GGATCACCTGAGGTCGGTA,-8.515413037067937
TGGCCACCATGTGGCCTTC,-9.336950362133303
CATCCAGGAGGGGGCGAGG,-8.22611950584202
TGGCCACTAGATGGCCCGA,-5.349027885974555
GGGGCTGGAGAGGGCAGCA,-8.146859497358623
AGGCCTGAAGATGCCAGTG,-8.409837416867596
AACCCAGGAGGTGGAGGTT,-10.539791126170881
GGACGACCAGAGGACGCTC,-7.105557245520184
CCTCCAGCAGGGTGTGCTC,-8.074298602143612
TCAGCTCAAGAGGGCAGGG,-9.575135098301603
CAGGCAGAAGGGAGCACCA,-9.363176666749743
CGGCCCCCAGAGGCCACTC,-6.526892387020623
AACCCAGGAGGTGGAGGTT,-8.700588154986413
TTGACAGAAGAAGGCAAGG,-9.84330640397192
TGACCACCAGGTGGAGTGT,-4.917441818250922
AAGCCACCAGGGGCAAATG,-9.053620102067665
CCGGCACCAGCGGGCGCAC,-6.518609289038442
GGAACACCAGGTGGTGACC,-8.947997469496718
CCGACTGCAGGAGGAGCTG,-7.7032539266761315
ATGTCACTAGTTGGCAGCC,-7.3006112471246185
TCACCTGGAGTGGGCACAA,-9.504892850579838
GGGCCACTAGAAGCCACCT,-9.208752754331671
AGGACAGTAGAGGTTGCAG,-9.2547986665336
TCGTCAGCAGAGGTCCCCC,-7.492163201472172
GGGCCACTAGGGGTACCCC,-8.95093380328106
TATTCTGCAGGTGGAGCCA,-9.21288342963775
TTACCAGCATCTGGCAGCA,-8.025481624332825
AGCCCACAAAGTGGCACAA,-9.150976197199865
GGGCCAGCAGGGAGGGGTA,-9.373984090083255
TGGCCAGCAGGAGAGAGAG,-9.108485765680317
AGGTCACAAGGTGGCTGAG,-9.640331953999208
CTGACTCCAGATGTCACAG,-8.91069098836199
CCCCCAGGAGATGGAATCA,-8.645539696023146
CCTCCAGCAGGAAGAGCTA,-8.989944228945077
AACCCACCAGAAGGAACCA,-8.931041008554374
CTGCCTGCAGGAGGTTGTA,-10.11907249391158
CTTACAGCAGTGGGAACCA,-9.713242603744044
TGGGCAGGAGGAGGCGAAG,-9.35860784363576
TGGCCTGTAGATGGGGATA,-7.811128159676232
AAACCAGTAGAGGACAGAA,-8.95223975615451
TGGCCTCTAGATGCTGGAA,-9.393140904381852
TAGCCAAAAGGTGGAAATA,-10.017966062997099
ACAACTCCAGAGGGCACCA,-7.999163861951976
GAGCCAAAAGGGGGCTGGA,-8.157447131431105
AGGCCTACAGGAGGCACAT,-9.230214845840292
AACCCAGGAGGTGGAGGTT,-8.9936883761931
TGAACTGCAGATGCCGCTG,-7.769262473668486
AACCCAGGAGGTGGAGGTT,-9.829300647161263
CTGGCAGCAGGGGGAGGAG,-8.55150629804483
GCTCCACCAGGGGCCACCA,-7.299250737662506
TGCAGAGGAGGGGGCGCTA,-8.9844078344955
TACCCATCAGATTGCGCTG,-9.293098603445713
AAACCCCTAGGGGGAGCAT,-7.072290949189627
ACTCTAGCAGGAGGCGGTG,-8.305338683336192
AACCCAGGAGGTGGAGGTT,-10.30222611685587
TTGCCAGCATTTGGCGATG,-8.029343636652037
ATAGCAGCAGGAGGCAGAC,-9.4568092395693
TAGCCACTCGATGTCAGAA,-7.699209277682914
TAACCTCAAGGGGCCAGAG,-9.740851392096104
AACCCAGGAGGTGGAGGTT,-9.67364244721157
AAAACAGCAGGTGGCTCCT,-8.495986991067348
CATCCAGAAGGGATCGCTG,-8.730812852142035
GTGACACCAGAGGCCGCCT,-8.06899142106891
CCTCTAGCAGGGGGAACAG,-7.919507581521005
ATACCAACAGGGGGTGGTA,-8.407378396539766
AAAGCAGCAGGTGGTAGGA,-10.67373649111957
CCACCGCCAGAGGGGGACC,-6.463421886165506
TCTTCACATGAGGGCACCA,-9.040208539977094
CTGCCCCTAGATGTCAAAA,-8.39671938696978
TGATCAGCAGGGAGAGCAC,-9.274617908138298
CAGCCACCAGATGCTGGAG,-9.883657941301477
TGGCCACCAGGTTTTGCCA,-9.753483504530871
TAGCCAGAAAATGGCACTT,-8.275054486430973
TTCACAGAAGATGGCAGGG,-10.079696957720438
TAGCCCCTAGAGGGTGGTC,-7.323165202398484
GGGCCGCCAGAGGGAGCTT,-6.19409595936837
CGGCCAGAAGAGTGCGCCG,-6.933224854554945
AGGCCAGCAGAGGAAGCGC,-7.641071075118917
TGGCCACTGTGGGGCAGAG,-8.857255505310132
CTGACGGGAGGGGGCATCG,-8.416794838506119
TACACACCAGAGGGAAATA,-9.454505203768772
TAACCACAAGCTGGCAAAA,-8.80400418199413
AACCCAGGAGGTGGAGGTT,-9.676659961962958
TAGTTAGCAGAGGGCAGAA,-10.231956112016375
CCGGCAACAGAGGGCTCCA,-7.530904058881462
GCGCCCCGAGAGGGCGGGG,-6.723528495588284
TGGACACGAGGGGGCCCTG,-6.0017901893112375
TGGCCAGCAGATGCTGCAG,-8.558672933751376
CCCCCACCAGGGGGGACAC,-7.865346443285304
CAGCCACTTGAGGGCACTG,-4.511496431245725
GTGCCAGTCGTGGGCACCA,-8.935182502401037
AGAACACAAGGTGTCAGTT,-9.722379858228026
GACCCAGGAGGTGGAGGCT,-10.212022518118642
GAACAACCAGAGGGTGGTC,-9.596125189181143
CGACCAAAGGGTGGAGCTA,-8.018875618999118
TGGCCAACAGAGGGCCCTG,-7.938261053769985
TTTCCTGCAGGGGACATGA,-9.552757104919353
CAGACACCTGGGTGCACCA,-9.858753894640767
CCACCAGAAGATGGCCATC,-8.083167796892058
TTTGCACAAGGTGGAAATG,-8.928569074695865
TTGTCACTGGGTGACACAA,-9.387070766032783
TGGCCACCAGAGAGTTCCC,-8.845435243696816
TTCCCTCCAGGTGGCTTTC,-7.198808728093519
TGGTCACCAGCAGGCAGAG,-9.765581166580928
AGGTCAGCAGGAGTCAGCA,-9.411228272223099
GTACCAGCTGGGGGCAATC,-7.923858028556279
GTGTCAGTAGAGGGCACAT,-7.477713880620087
CTGTCACCAGGTTGAAGTG,-10.362112648071852
TCCCCTGCGGGGGGCATTG,-7.901986806318808
CTGCCACACGGTGTCACAG,-7.404197267936872
CCATCATCAGGGGTCAGTA,-9.255764683589671
CATCCACTAGAGGTCGCAC,-4.262929113833939
CGCCCTGTAGAGGGGGCCA,-6.0031253628975625
CACCCAACAGAGGGAGGGA,-8.90924435997541
CAACATCTAGGTGGCAATC,-9.015792039386906
CGGACCCCAGATGTCACCC,-8.825556145825582
CAACCAACAGGGTGCAAAG,-9.50254761072112
TTTCCCCTAGAGGGTGCCC,-6.334863021296413
AAGCCACAAGATAGCAAAA,-9.72737300516992
AGCCCACCAGGAGTCGCCT,-7.021529495993922
TTTCCTCTAGTGGGTGGTA,-8.094410881595435
TGACCATCAGAGTTCACTC,-10.001490157650936
CTACCAGTAGAGAGTGGCC,-8.79058199258375
TGCCCACCAGAGAACAACC,-8.647173141082074
CGTCCTCCAGGTGGGTCTG,-7.890434014442391
AACCCACCAGAAGGAACCA,-9.649925497474323
TGCTCAGTGGGGGGAGCTC,-9.275602415039298
CCACCTGGAGGTGGAGATC,-7.796923011268298
GTGCCACCTGGTGGCGGGA,-1.5907903241019838
ATTCCAGAAGAAGGCATTG,-8.705425743616626
GTACCACAAGAGGATGCCT,-9.289731752268828
GGACAACCAGAGGTCACTG,-9.428317301869857
TGTACAGAGGAGGGCAGAG,-9.540039172017199
CGGTCAAAAGGGGGCTCAG,-9.091135193154912
AGACCAACAGGGGTAGATC,-9.094142285152246
CGTCCAGTGGAGGCCGCAC,-7.28605259618253
TTACCACAATGTGGTGCAC,-7.198447742329037
CACCCACCATGGGGAGCTG,-9.01875182353004
CCACCACTGGAGGTAAGTA,-10.303594602401013
CAGCCAGCACGGGGCCCCT,-8.800222240272833
CTGCCTCCAGGCTGCACTG,-8.478828376758912
CCATCACCTGGGGGCAGGG,-9.381369612687823
GGGCCAGTGGGAGGCATTG,-9.37375067780594
CTTCCAGCAGATTGAGCAA,-8.341559205188641
TGTAAACCAGAGGGCACCT,-10.07044496627111
CAGCCTCCAGCGGGAGCTG,-6.758852643504288
TGTCCTCCAGGGGACAAAA,-8.249106565384574
CCACCAGCAGGGGAGGGAA,-8.987800332269366
CTGCCACTGGGGAGCAGTT,-8.797356207268471
TAGACACAGGATGGCGGTT,-11.224664258822722
CAGGCACTAGGTGGCTGGA,-9.797501021719626
CTCACTGCAGAGGGCAGCT,-8.701707366299344
CAGCAAGCAGAGGGCTGCC,-9.25406575258858
TTGACACTAGAGAGTGGTG,-9.443440091093397
AACCCAGGAGGTGGAGCTT,-10.9869002995625
TCTTCAGGAGAGGGCAGTG,-7.095264024987685
TGGCCATCAGAAGGAAGGC,-9.694775724871148
CTCACAACAGGGGGCGCCA,-5.593413450945747
TGACCATGAGAGGGAATTA,-9.156255799875932
GGTCTACCAGAGGGCACAG,-9.061719233770217
TCGCCATCTGGTGGCGATG,-2.120764582052114
GGTTCAGTAGAGGGAGATC,-8.71408317335071
CCGCCAGCAGCTGGCTGGG,-7.615941284160403
AGTCCACAAGGGGGCGCCA,-2.933606388005329
GGTCCTCCAGAGGTCTCCA,-8.393784167192829
AACCCAGGAGGTGGAGGTT,-9.506480246642585
TCTCCACCATGAGGCACAG,-9.053152597764546
CTTCCACTAGATGGGAGTT,-7.960395994799799
AAGACAGAAGGTGGGGCCA,-10.084398474326168
TGGAGAGCAGAGGGCAGAA,-9.127718832719008
GCACCAGCAGACGGCGGGT,-7.46317545584355
TTGCCAGTAGGCGGTGGGG,-8.194293392985038
GGGCCTGCAGGGTGCAAGA,-9.03809109226481
CTTCCAGGAGATGGCACAG,-7.4130694661743295
CAACCAAAAAATGGCAGTA,-10.120589843568588
AGCCCAGCAGGGGATGGAA,-9.035548975908865
TTGTCAGTAGTTGGCAGAA,-8.953798287505855
TGGCCTGTAGGTGACCACC,-9.904984569818613
TCCTCAACAGAGGGCAGAC,-8.792892610813782
CATCAAGCAGAGGGCACTA,-9.196103286264874
AGGCCTGTAGAGGGCTCTT,-7.4501033845709
GAGCGAGCAGGGGGTGCAG,-8.562894587367579
TGCCCAGCAGGTGGGAGTG,-7.370187790735232
GGACCCCTAGGTGGTGCTG,-5.63314841352968
TGGACACAAAGGGGCACCA,-7.371677669292025
TCTCCACCTGGGGGCGGAA,-5.853868214234757
CTCCCTCAAGGGGACGCAG,-7.0000702857913115
TGGCCAATGGGGAGCGGGA,-9.101220501290829
CAGCCACCACAGGGCAGGA,-8.062499117921902
CCCCTAGAAGGTGGCACTC,-7.761718207426912
CGGTCAGAAGGAGGAGCCC,-9.444553814330177
GAGCCAGCTGAGGACACCA,-9.393321885948945
TGGCCAATCAGGGGCGCCG,-6.959902751570575
GGGCCACATGATGGAAGAG,-9.115602354700544
AGTCCAGCAGGAGAAGCAG,-9.874969270027348
CGGGCTCCAGATGGAAGAG,-9.342146154505594
TAGCCACTGGAGGGTAGGA,-9.427034309036102
CACACAGCAGAGGCCACTG,-9.340470841518062
TGGCCAGAGGATGGTGGCT,-10.63451253448782
AAGCCTGCAGAGGTCAGTA,-7.20117170220713
ACATCTCCAGGAGGCACCC,-8.232121088299504
GAGCCTGCAGGTGAAGGTG,-9.282704696335019
AAACCAGAAGGGGACATTC,-9.730948345888313
TGGCCTCCTTGGGGCAGTG,-9.0048913270748
TGGCCACCATATGGTGCAA,-8.954368050740605
AAGCCACCAGAGGTGGGGA,-9.187951843072057
AACCCAGGAGGTGGAGGTT,-9.507093173469958
CATCCTCTAGGGGGATCTA,-7.558318574776024
GCTCCACTAGGTGGTGGTC,-4.376564471238309
TCTCCAACTGGTGACACTG,-10.057765142625511
AAGCCATGAGATGGCGTCA,-7.466873066478482
TTACCACTAGAGGACTGCC,-8.203226142056538
TCTGCATTAGGGGGCACCC,-9.482868446207572
CATCCACCAGGGAGAGCAG,-8.582696587190023
AATCCAGGAGGTGGAGGTT,-9.748245363996862
GTGCCAACAGATGGCAACT,-9.022630746321346
GTAGCTGCAGGGGGCAGAA,-8.426099006207469
AGTCCTCCAGGTGACTCTA,-8.75503752242827
GGACCAGCCGGGTGCAGTG,-9.036288750135746
TTACCAGCAGGAGACAACA,-9.625426663879326
CTTCTGCCAGGTGGCAGCC,-8.601337414272106
CAGCCTGCAGGAGTCAGCA,-8.976605273697214
AACCCAGAAGGTGGAGGTT,-9.300710271085912
TTCCCAGGAGGTGGGAGAA,-10.050194633262812
TAGCCAGTGAGGGGCAGAA,-10.875678958729633
TGGCCACGTGATGGTGGGC,-9.734685445243107
GAACCAGCTGAGGGCAGTG,-6.8740192204706325
ATTCCAGTAGGTGGCAGTA,-3.7746471469930607
GTTACTGCAGGTGGCACAA,-10.076539097857209
AACCCACCAGAAGGAAGAA,-9.45171625763559
GGGACTCCAGAAGGCAGAC,-9.718821169317543
CGACCCCCAGCAGGCACTG,-7.296345733319901
TTCCCAGAAGAGGACATCC,-8.175560559540518
AAACCTCCAGATGTTACCA,-10.225107377044202
TAACCAGCAGAAAACACTA,-9.269605468839492
GAGCCTCTAGATGGGGATA,-7.350020145464353
AGCCCGCTTGATGGCAGCA,-5.848090672874906
TGGACTCCAGGAGGAACGA,-9.397424753731956
AGACCATCAGGTGGCTCTA,-7.821695852242187
TGGAGACCAGGAGGCGCTA,-8.607207076820952
CTGTCAGTAGAGGGCACAC,-6.052431052644457
CACCCGCCAGAGGGGAGCA,-6.945832063265311
ACGCCTGCAGGGGGTGCTG,-6.4692150580478724
TAGCCAGTAAATGACAGAA,-11.37708345347716
CGGCCACCAGAGGGAGACC,-5.019868644681188
TCTCCTGTAGGTGTCACCT,-7.979987483233365
CCCCCAAGAGAGGGAGGCA,-7.9730276601646874
TTGCCTTGAGATGGAGGTA,-9.24387179074995
TGGCCAGCAGAAGAAGGTC,-10.481809604462445
TCGCCACCATGTGCCACCA,-8.599872514314722
AACCCAGGAGGTGGAGGCT,-9.509807777829339
TTCCCAGTAGGGGCAGCCG,-7.422838143899306
TGAACTCGAGGAGGCGCCG,-7.125416615711932
GAACCCCTAGGTGGTGGAG,-9.014915351630185
GAGCCTGCAGAGGGCGGGG,-7.809410091499695
TGGCCAGGGGTGGGTGCCA,-9.127603530206388
ATGCCAGTAGGGTGCAGTG,-7.983788174401253
TAGCCAAAAGGTGTAAACA,-8.53510150379139
CGACCTGAAGAGAGCAGTG,-8.77927390874824
CTGCCCCTGGAGGGCGATC,-7.43372732228976
GTACCAGCAGGGGGAGCCC,-3.9162777332709298
GGGCCAGCTGGGGGCACGA,-8.270081211100408
TGGCCAGTGGTGGGCGGTT,-10.253404812554633
ACACCTCCAGGAGGTGCCA,-7.831570062131199
GAACCACAAGAGGTTGCAG,-8.823393889907626
TATTCACCAGGTGGAAAGG,-10.86988619903141
TGGCCTCAAGATGGCTTTT,-8.888391549500675
GGGCCAGGAGGGGGAGCTA,-5.355088608413201
AGCCCAGGAGGTGGAGGTT,-9.461435802609458
CTGCCAGCAGGTGTCTGTG,-7.583707374110687
AGTCCAGCAGATGTCGCTG,-4.624882223782754
GCACCTCTAGAGGGCAGCA,-3.651489848418555
CGGCCAGCAGGGGCTTGTG,-9.279943892406022
CAGACTCTAGGAGGAGGCA,-8.629560261865363
CTTCAACCTGATGGCACTG,-10.305827175635962
ACTTCAGCAGAAGGCAATA,-9.771023023517712
AGCCCAGGAGGCGGCGGTG,-7.570250691571781
ATCCCAGGAGGTGGAGGTT,-9.621446383688555
AGGCCAACTGATGACAGCA,-10.057032458408793
TGGCCAGTAGGCAGCACTA,-8.638275121592088
TTTCCACAAGGAGTCAGTC,-7.100600322107451
TGGACTCTATGTGGAGCTA,-9.238290512311654
TGGACAGATGGAGGCAGCA,-6.684173486367865
CTCCAACCAGGGGGCAGGC,-8.242805420778899
AGCACTCCAGGGGGCAGCC,-7.95226456412315
TAGCAACCAGGTGGATGTA,-8.45697025964073
TGAACTAAAGAAGGCACCA,-9.253093991543224
CAGCCTCCAGGGGACAGGG,-8.583848186999726
GGGCCACCAGAGGGCTCCT,-6.184401765956343
AGGCCAATGGATGGAAGCC,-9.096352586215035
CTACCAGGAGATGGAGCCC,-5.262182001424276
GGCCCAGTAGGAGTAGCTG,-10.824096703960297
GGACCCCCAGAGGTCTCCA,-7.988716510910827
TTTCCACTGGGAGGCAGGG,-8.40989068553308
CCACCAGCAGGCAGAGCTG,-8.662044130658199
AGTCCAGAGGATGGCAGGA,-9.366613287232623
CTTCCTCCAGTGGGCAGAG,-9.19283133821027
TACACAGAAGAGGGAGGCG,-9.88990385118059
AACCCAGGAGGTGGAGGTT,-10.515353574457501
AGGCCAGTAGAAAGAACTG,-9.940641493379378
CTACCAGCATGTGCCACCA,-9.973753649681456
AGTGCAGTAGGGGGATCTA,-9.890785746299423
TCTCCAGCAGGAGGCAAGT,-8.084579035771224
TGGCCACTAAGAGGAGGCT,-8.574262238952311
GTGCCTCCAGGGGACACCC,-8.06593688317018
GTGTCACCAGGAGGTGCTT,-9.650556394595755
TGTCCAGAAGAGGCAAATA,-9.911264873482109
ATTCCTTTAGATGGCGCAG,-6.7481737168263995
GTCCCAGGAGAGGGCCCCA,-8.234206248870382
TGGCCGGCAGCGGGCGTGG,-7.497428865116041
TCGGCACCTGAGGGCAGAG,-8.182118234669943
CTTCCTGTAGATGGAGGAG,-8.281896290936402
TGGGCAGTAAATGGCACTT,-9.681199102575281
TCTCAACTAGGTGGAGGTA,-9.802190319792835
GTCCCACCAGGGGTAGCGA,-7.9269858424612165
GTGCCACCTGGTGGCCCAG,-1.9179198391751764
TGCCCTCCAGGAGGAACCT,-8.178739645833756
AGGCCACTAGAGGGCGGCC,-3.5071656966515254
AACCCAGGAGGTGGAGCTT,-9.918259415475106
CTCCCAGAAGGTAGCACTG,-7.943132380406515
AACCCAGGAGGTGGAGGTT,-9.378456039488107
AGACCACTTGATGGAGATG,-8.514870955950762
TGGCCAGGTGATGGCACAT,-9.40926508871224
CCACCACAGGAAGGCACAG,-9.44881731663799
GGGGCTGCAGGTGGAGCTG,-8.643343628785221
TAACCAGCAAGAGGCAGAG,-9.376097997235403
TGGCGGGCAGGGGGAGGTG,-9.581907023409341
CTCCCAGGAGATGGAGCTC,-6.480637528937264
AACCCAGAAGGTGGAGGTT,-8.167649381333282
AGGCCAGTAGAAGGAAGTG,-11.222760551310863
TTCCCACAAGGGGGCCCCA,-5.50982097316646
TTGCCAATAGACAGCACCA,-9.323904498934393
TTCCAAGCAGGGGGAACGG,-10.550335843520205
CGCCCACTTGGTGGCATTC,-6.448480692347009
ACCCCAGAAGAGGGAGTTG,-8.836141951361302
AGCCCACTGGGTGGCCCCC,-7.52490629216712
TGCCCAGCAGGTGGAGCCT,-5.128531247472758
CTGCCATTAGGGGGCTCCA,-6.847496493044048
TTACCAGTAGAGGGTCTTG,-9.888587290066061
TTGCCTGCAGGTGGCTTGA,-9.482241319480785
TGTGCAGTAGGCGGCACTG,-8.76704160349611
TCTCCCCCAGAAGGAACCA,-8.557067722889501
ATGACACCAGAGGGAGGGT,-9.46985154439371
ACACCCCTAGGGGGTAGAC,-8.653992456309615
GGGACACCAGGGGCAAGCC,-9.9127206107043
CTGACAGCAGGGAGAAGCC,-9.003378177925372
CGCCCAGCAGGGGGCGCGG,-4.218300184635855
TCTTCACAAGGTGGCAGGA,-8.449983346246917
GGACCAGCAGGTGGCAGTG,-3.147286327828507
AACCCAGGAGGTGGAGGTT,-9.570642835475454
GTGCCTGCAGGGGGATGCA,-8.877229151891399
TAGCTGGCAGGTGGCAGAG,-10.024273389236715
CCTCCAGCAGAAGACACTA,-8.362534162460758
ACCCCACCTGAGGGCTCTA,-7.514583595210082
TCTTCAGAAGGAGGCAATA,-9.626161731527615
TGTTCACAAGGGGTCAGAA,-9.4184443449293
AGCCCACGAGATGGAGGCT,-8.713250473908515
GAGCCACAAGATGGAAGGG,-9.678236886554856
GGGCCGGGAGGAGGCGCCC,-7.000744122168127
TGGGCAACAGAGGGAGACC,-9.57988457376852
TAGGCACAAGATGGGGGCG,-10.185349618763164
TCACCACTAGGAGCCATTA,-8.137786577704816
CAGCCACTGGATGTCACCC,-5.943271040272114
TAACCAGGAGGTGGCCTCT,-9.195330600268854
TTGAATGCAGGGGGCGGAG,-9.257537724678425
ATCCCTCTAGAGGGCATCA,-6.691844590559752
AACCCAGGAGGTGGAGGTT,-9.096742664334723
AACCCAGGAGGTGGAGGTT,-10.345907875782414
GCATCACTAGAGAGCACCA,-8.407798117523889
ACAGCACAAGATGGCAGTT,-9.126171227175314
TGTCCACCATGGGTCAGTA,-9.678384572940546
ACACCAGGAGGAGACAGCC,-9.388808180945514
ACCCCAGGAGGTGGTGCCC,-8.824381435118024
CTTCCAGCAGACAGCACTC,-7.742773953313291
GTATCTCCAGATGGAAGTA,-10.000575737790626
TTCCCTGCAGTGGGTGGTA,-10.540268094491532
ATTCCAGCAGAGGTAGATG,-9.904020904396345
TCATCATGAGGTGGCGGAA,-8.542144260658118
ACACCTGCAGAGGTCACAG,-9.201686469962198
TAGGCAACAGAGGGAGACC,-9.154658280569544
CCACCAGATGAGGGAGATG,-9.280474148738353
AGCCCACAAGAGGGAGTAA,-6.585282771311061
TTTTAACTAGGTGGCAGTA,-9.52538405961128
GGGCCAGCAGGGGGCAGCC,-3.567195948644337
TAACCATTAGGGGAAACTG,-9.33623967170581
TGAACTGCAGGTGGAAGCC,-9.083021514268708
TTGTCTGCAGAGGACAGAG,-10.046162550113884
AATCCAGGAGGTGGAGCTT,-9.303296730296541
TAAACACCAGAGGGTAACT,-9.568607178444465
GTGCCAAGAGGAGGCAGTC,-8.166851455661131
CAATCAGTAGATGGTGAAG,-9.019114000748232
GCTCCAGAAGATGGAGGCA,-8.248555059464707
TGTCCAGGAGATGCCAACC,-10.253023980072298
CAGACAACAGAGGGAGGTA,-8.744413369442274
TGGCCACATGGGGAAGCGC,-9.81387753255869
TATCCAGAAAAGGGCATTG,-10.104164149640882
TTAGCAATGGGGGGCACCC,-6.7679267979565685
TTGTCTCTAGATGGTGGAC,-9.833262882993543
TGGTCACTGGGTGGCAGCC,-5.645347628136889
TGGCCACAAGGTGGCGCTC,-2.1373039127169844
AACCCAGGAGACGGCGGTG,-9.583633774774064
TGGCCAGCAGAGGACCCCG,-7.779937710733642
TGGGCACCAGGCGGTAGCG,-8.807072219936789
AACCCAGGAGGTGGAGGTT,-11.023095288928884
TGGCCAGCTGGGGTGGGTA,-10.063047483596922
CTGCCAGGAGGTGGCGCTT,-5.974334907372459
TCTCCAGAAGATGGAGATA,-7.335022195249299
GGAACAGAAGGGGGAGGAA,-9.606330919811422
CCTTCAGCAGAGGGAGAAG,-8.138476545533198
TGAACAGAAGGGGCCGGAA,-9.53361059266053
TATCCAAAGGAGGGCACAG,-9.182494020777822
TATTCACCAGGGAGCATCA,-9.219764366162261
CACACAGTAGAGGGAACCT,-9.564900835936308
TAACCTCCAGAAAGCACTG,-11.090625651749592
TGTTCAAAAGGTGTCAGTG,-9.448164460669815
AAGCCACCCGGGGACGGCA,-7.636081929730243
TGGGCAGAAGGGGGTGGGT,-9.279249560442583
AAGCCTGCAGAGGCAGGCA,-9.750256775240535
TGAACAACAGAGGGAGACC,-9.312874740146674
TGACCACCTGGTTGAGGTA,-9.496578428936907
AAGCCAGAAGAGAGTGGCA,-9.833618687226792
CAGCCAGCAGGAGGCTTTG,-8.426699072897756
CAACCACCAGCTGGCTTTA,-9.110682063475528
AGGTCAGCAGGTGGTGGGC,-9.85230491711393
AACCCAGGAGGGGGAGGTT,-10.558199304317881
TGCACACCAGATGAAGGCA,-9.139586686826144
TGGTCAGCAGTTGGTGGCG,-9.220573170128922
TTACCACAAGATGGCACCT,-5.248439258433396
GGAACAGGAGGTGGCAGTG,-6.12704300786506
GGGACCCTAGATGGAGCCC,-7.614948870619929
TTGCCACTAGATGAAGACT,-9.845827633720175
TGGCCACTAGGGAGCTCAG,-8.552815245127071
CAGCCTGCAGAAGGAGCCA,-8.59570245126096
TGGGCAACAGAGGGAGACC,-9.101139339850805
CAACCACAATGGGTCAGCC,-9.357428820249376
CGACCAACAGGGCGTGCCA,-8.230513976838678
CCCTCACCAGGTGGTACGG,-9.082779436402742
TGGCCAACATGGGGAAACC,-8.965252342914669
TGGGCTCTAGGTGGGGCTG,-7.627712528177348
AGGGCTGGAGGGGGCAGGA,-8.949779759427884
CGTCCAGCGGGGGTCTGCC,-7.979423505181395
CGGCCACGAGGTGGCGCCG,-3.245721232091927
AAGGCAGAAGGTGGTGGTG,-9.2832867431782
AGGCCTCCAGAGGGAATGG,-8.865751214752736
TGGACAGGAGGTGGCACTG,-5.18076932529228
ATGCCTGTAGAGGTTGGCG,-9.323522528698998
GCTCCTCCAGGAGGCACCC,-6.964432586294001
TTGCCACTGGGGGTCACTG,-5.277445784515123
CTCCCAGAAGGTGGCCACA,-8.809338453683194
CATCCCCCAGGTGCCGCTC,-7.013645249480107
CAACTCCCAGGGGGCACGA,-8.818639994356719
CAACAGGCAGGGGGCAGAC,-9.872593134151488
GGTCCACTAGAGGAAGGAC,-9.569128741475359
TACACAGGAGGGGGCTCTC,-8.645442784365036
CTCCCTCTAGGGGTAGCAG,-4.355950186726765
TAGCTAGCAGGGGTCAGCT,-8.663185361347276
GAACCTGCAGAGGGCTCAA,-8.69477154257026
GAAACAGAAGGTGGCAGGG,-8.791124202739846
TAGACTCCGGAGGGCAGAG,-10.97050911972482
GAGCAACAAGATGGAAGCA,-9.253057079491455
AGCCCAGGAGGAGGCGGAA,-8.092395456213039
AGGTCAGCAGGTAGAGCCA,-10.033710113423755
GAATCTCTAGAGGGCAGAA,-7.290288977029552
GGGACAGGAGAGGGCGTTG,-7.534450053251398
GGTCCACTAAGTGTCAGTG,-8.384311780009114
ATACCAGCGGGTGACAGCA,-8.995336591029178
TCACCAGGAGGTGGTTGTA,-9.897192502483877
GGTCAACTAGGGGGAACGG,-10.205101787204114
AGACCCCTGGGGGGCAGGG,-9.374513480521566
TGACCACCAGATGATCACA,-8.546125533718172
TGTGCTGAAGAAGGCAGTA,-9.98551262255145
ATGCCTCCATGGGGCAGTC,-7.990142072160475
CTGCCAGCGGGGGTCACCT,-8.095474334780622
CAGCCAATAGATGGTGCTT,-8.482321031784682
GGGCCTGAAGGTGGAGATT,-10.441658562648113
TGGGCAGGAGGAGGAAGCC,-9.489308685656358
TGTCCACTAGATGGCGCCC,-2.4919183976406996
TGGCTGGCAGGTGGCGCTC,-6.154113407817013
TGGCCACACGGGGGCGCCG,-3.745458786092961
TGTCCTGTAGAGGATGGAA,-9.776390678091458
CCCAAACCAGAGGGCAGTA,-9.970008561078444
TGTCCAGCTGGGGACGACT,-8.328894258297051
CACCCAACAGAGGGAGTCC,-8.283820308759207
GGGTCAGCAGGGGGCGGCG,-6.380505643991114
GGGCCTCCAGAGGTAGAGA,-10.586959872176664
TAGCCAGCAAGTGACAGGA,-9.70594057882187
TGTCCAGTAGGTAACATCA,-10.171262117826803
TGAGCTGCAGAGAGCAGCA,-9.512153582368398
CTGGCAGGAGAGGGAGATG,-9.208536233729893
TAGACAGCAGAGAGAGGCC,-9.56195663195739
CTACCAGAAGATGGGCCCA,-10.159921505520307
TGGCCCGCAGGAGTAACTG,-9.063354717686451
TCATCTGCAGATGGCAATC,-9.118380622814124
AGGACACCAGGGGGACCGG,-8.61935017651228
CAGCTACTAGGGGGCTGAG,-9.452510836799547
CTGACACCAGGTGGCAGAG,-5.192959235720751
TAAACAACAGATGTCGCCA,-7.703580319385879
CACCCAGCAGGTAGAAGAA,-9.400803259474534
TGACAACTAGGTGCAGCTA,-10.843035605567623
CGTGGAGCAGGGGGCGGCG,-9.057397870183914
TGGCTAGAAGAGGGAGGAG,-9.382918591212258
CGGCCAGCAGGCGGGGCCG,-7.305865011065527
TGGCAACCAGAGGCAACCG,-9.891397679864802
TGTCCTCAAGGTGGCGTGC,-6.012148141812497
TTGTCAGCAGGGTGCGGTG,-9.603133538637955
TGATCACCTGAGGGAAGAA,-9.702742979103371
TTGGCAACAGGAGGCTCCA,-8.224042888964343
TGTACACTAGGGAGAACAG,-9.682082624289448
TTAACAGAAGAGGGAAAAA,-9.76532359057165
GGAACACCTGGAGGCAGTG,-9.501541333261583
TTTCCATCAGAGGATGCAA,-9.469167197623266
TGCACAGCAGAGGATGGTC,-9.247626210630104
TGGCCAATAGGGGATTCTG,-9.712446982885778
CACCCAGGAGATGATGCTA,-9.507460601111175
CTGCAAGCAGAGGGAGCTG,-8.972046898388708
AGACCTGCAGTGGGCACCT,-8.75632360349443
TTGCTAGGAGGGGGTGGCC,-9.05484769988705
AAAGCAGGAGAGGGCAGAA,-8.868747715433393
ACACCACCATAGGTCACAA,-8.969281027230165
TGGTTACCAGAGGGCGAGG,-10.37580246493556
GAACCACCAAGGGTCACTC,-8.415076938956213
TGTCCTGCAGAGGGCCCAG,-9.277794900860588
TGCCCTACAGAGGGTAATA,-10.316328873678994
GATACAGCAGGTGGAACCC,-9.428055169881238
AACCCAGGAGGTGGAGGTG,-9.253630931812275
TCTCCTCCTGGGGGCCCTG,-7.691730580614363
CTCCCAACAGAGGTTGCCA,-8.592308071918167
AAGCCTGCAGGGGGAGACC,-8.920068609391983
ATGACAATAGGGGGCAAGG,-9.787583385507428
CTGACAGCAGATGCAGCCA,-9.633746297374998
CTACCAGTGGAAGGCACTT,-9.49310426788649
CTTCCAGTATGGGTCAATA,-9.29139137834166
TTTGCAGCAGATGACAGTT,-10.364060657384679
CTGGCAGCAGAAGGCCCCC,-8.421903631876738
TGGACTGAAGAGGGAAGCT,-10.005268949856415
CGGCCAGCAGCTGGAAACT,-8.179655821622735
TCTTCGCAAGGTGGCAATA,-7.282613718282294
ATGCCAGCAGAAGCCAGAG,-8.381879604023727
CCACCTCCAGAGGTAGCCC,-8.304940319143773
TGGGCCCCAGATGTCAGTC,-9.83546539677108
TGGCCAACAGAGTGAGACC,-8.81407728171472
TATCCACCTGGTGAAAGTG,-8.58720701488998
GACCCACTAGGTAGCAGTA,-6.9873482864022005
TGGCAGGCAGAAGGCACTT,-9.796498572421399
TCACCAGCAGAGGCTGCAG,-8.406766925749343
CTCCCGGCGGGGGGCGGCT,-7.239772820494067
GGATCACTTGAGGGCAGGA,-8.342560191356654
CTAACAGCTGAGGACACTG,-11.534826283679696
AGAACAAAAGGTGGAGCAA,-9.897431651776822
TAGTCAGAAGGGGTCCCTA,-8.645142298154209
GGGCCTGCTGGGGGTGGTC,-9.605671112719524
AGGCCAGGAGTTGGAGACA,-9.086091434861263
TGGTCACTAAAAGGCACTC,-9.951317684270405
TGTCCACAGGATGGCACAG,-9.06342206633976
TGGCCTCCAGGGAGCAGAG,-9.210290999438243
TCACCACCAGGGGGTGTAA,-5.420852646446847
TAAACAGCAGGGGGTGGGG,-8.796368524339202
AGACCACTTGAGGTCAGGA,-8.541808038655152
TTTCCACCAGAGATAGGTA,-10.16314258475446
TCACCACACGAGGGTGCGA,-6.489792751859612
GGATCTCCAGGAGGAGCCA,-7.712576408957075
AACCCAGGAGGTGGAGCTT,-9.54271056214848
TTCCCACAAGATGAAAGGA,-9.924400843411545
CTAAGACTAGGAGGCACTA,-9.839546764556205
ACTCCACCAGGGGGCGCTG,-3.3453915904948035
CGGCTGGCAGGGGGAGCTG,-8.553932134426155
TGACCATTGGGAGGCGCCG,-7.34541399345006
CTGCCCCAAGGAGGCAGCT,-8.609024733424185
TTCCCACCTGTTGGCAGTG,-8.780011398186213
AGGACTCCAGGGAGCACCA,-9.451690339027694
TAAACTGAAGGGAGCGCTG,-8.902656749506713
TTGCCTCCAGGTGTTAACA,-9.200321180121039
TGCCCACAAGATGGCACTA,-4.571898460551316
ATGCCAGCTGGAGGCTCCA,-8.775479726051111
AACCCAGGAGGTGGAGCTT,-10.131514416359144
CTTACAGCCGGTGGCAGAG,-9.487675846765537
CCGCCACCAGGGGCCCCTG,-7.227733331403339
CAAGCACCAGGGGTAGGAA,-10.162075259329699
ATACCAGCAGCTGGCGAGG,-7.966745145952531
TTACCAGGGGTGGGCACTC,-9.283974114149595
TCCCCACCAGATGGTGCTG,-4.505767876205621
TTGCCAATAGAGAGAACAA,-9.715321371593022
CTGCCTGTGGAGGGAGGCT,-8.957960834376436
GTGCCACCAGGTGGATATG,-4.443930844286795
TAGGCAGTAGGTGGCTAGA,-10.035520380209956
TCGTCTGCACGGGGCACCA,-8.923919189796669
TAACCAGCAGAGGGACCTG,-7.938856883180027
AGGCCACAAGATGTCAGAA,-6.963562570968452
GAACCACCAGGGGGCGCTC,-3.689296284453323
GTGCCTCTGGGTGGCAGAA,-6.665501099544358
CTTCCACAAGGTGGAAGCT,-7.462713981007181
CAACTACCAGATGGTACAA,-9.028917014144849
ATGCCAGGAGGTGGTACAA,-9.810553397965164
TGACCTGCAGGGGCCGAGA,-8.819755029448999
GGGGCAGCAGAGGGCTCTA,-7.646414235082684
CCACCAGCAGAGTGAACAG,-9.664698148603309
TAGCCACTCGAGGAAGGCA,-9.746818697539716
TAGGCTGGAGGTGGCGATG,-8.895781655189893
AATCCAGAAGGCGGAGCTG,-8.604798576603061
CACCCGGCAGGTGGCTGAG,-9.429867769689732
AGGCCACAAGATGTCAGAA,-6.812985452883643
CTGACAGCAGGTGGAGCTC,-4.411213709640201
TCTCCAGAAGGAGAAGCCC,-9.175270905365187
GGAACAGAAGATGGTGGAA,-10.395215914223577
TGGCCAGCAGGGTGAAACC,-9.411918914034285
TTCCCAGCAGAGGAAGGCC,-8.667361321542474
TTTGCACAAGGTGGGGGCA,-9.244281298705959
TGCACAGCAGGAGGAGGGA,-9.233189231649234
ATGTCACCAGGTGGCTGGG,-8.739389516798632
AAACCACAAAGTGGAACTA,-9.204089135967012
AGGCCAAGAGGGGACAGAC,-10.048219474322593
TGGCCACTTGGTGATGGAG,-9.975545711965584
TTTCCACCAGGGGGTTTTC,-8.488251900149447
CCCGCAGCAGAGGGCAGCA,-5.058927478012888
AGGCCACAAGGGAGAGCTG,-8.658116505178645
CATCCTCCAGGTGGCAAAA,-7.31662466617441
TGGTCTCCAGGTGAAAGCA,-9.656243578825327
CTTCCACTGGATAGCAGTA,-8.183381352786736
ACACCAGCAGATGGCGGGA,-5.219380749842547
CTGACAGGAGGTGGAGCTC,-7.7179729312789425
TAGCCACGAGGAGCCACAA,-9.04706945060035
CCGCCAGCAGGAGACCCTG,-7.550321375077599
TATCCTCTAGATGGCTGCA,-7.982974286053438
TGACCACAGGGAGGAGGTG,-8.16144827818647
AAGCCAGTAGGTGGGAAAA,-9.624918913006212
AGCGCAGTAGGGGGCTCTC,-7.387426158479543
TGGAGTGCAGGTGGCACAA,-8.966385436144897
GGGCCAGGAGGAGGTGCTG,-9.139198331834478
TCAGCACCAGGTGGCTGTC,-8.669605482837976
AACCCCCTAGAGGGCATTA,-7.02609597883287
AACCCAGGAGGTGGAGGTT,-9.625373787585428
CTTCCAGCAGAGGGTCTTG,-8.595450131921684
TGAACACTAGAGGGCACTA,-3.71430908273402
AACCCAGGAGGTGGAGGTT,-10.131897605974832
GTAACACAAGGGGAAGCTG,-9.125949100117507
AGAACAGAAGATGACACAG,-9.990045992847246
TGTCCAGCAGAGGCTACAT,-9.921006123521938
ACACCAGCAGGGGGAAAAA,-7.609149836392888
CAGCCAGCAGGTGCAGGCA,-9.449474077821598
TGGCCAGTTGTGGGCAGGG,-9.9701362370763
AGCCCTGCAGGGGGCTGGG,-8.921415698298741
TGGCCCCCAGGGGTGGGTG,-9.524103537190333
CATCCATTAGGGGGTGGTT,-9.203835957416898
TAACCAAAAGATGGAAACA,-9.111439679016883
AACCCAGGAGGTGGAGCTT,-9.437594194856082
TGGACTCAAGCTGGCACAA,-9.901759201137947
ATTCCTTTAGATGGCGCAG,-6.5354156496599485
TGGACAACAGAGGGAGACT,-9.382638259857998
GGACCAGAGGGAGGCAGTG,-8.448909085154959
TGACCTGCAGAGTGCAGGT,-9.491617997440168
AAGCCACTAGGGGCTGGGC,-9.777486455950063
AGCCCACCAGGTGTCAGGA,-7.749275485782742
TATCCACTGAGGGGCACTC,-7.927008230274905
CCCCCACCAGGTAGCACAC,-7.866083505719074
CAACCTGCAGGGGGTGCTG,-5.46577413453786
GCATCACCAAGGGGCACTC,-8.150767438794933
TGGGCAGAAGAAGGAGCTG,-9.596992131031001
ATGCCTCCGGATGGAAGCA,-8.619742972997297
GACCCAGGAGGGGGCAGGC,-8.527231002764088
CTGCCCCCAGAAGTCAGAA,-8.540585339670482
TCACCAGTAGCTGGCAACT,-8.780297013296039
CTGCCAGAAGCTGGAAATG,-11.384628627467817
TCTTCACCAGAGGTTAGCA,-10.02254607409183
TTAGCTGCAGGTGGTGGTG,-9.787585983681463
TTTCCACAAGGAGGCAAGC,-7.828384168743204
CGGCAGGAAGGTGGCAGGG,-9.42852347536029
TTGTCAGTAGGTGATGGAA,-9.977934176191347
AGACCACTAGAGGAGGGAG,-9.271350470039552
TGTCCTGGAGGTGGCTCCC,-9.249254587236882
GAGGCACAAGAGGGCACCA,-7.1198596506633525
TTTCCACCAGGGGACACTG,-5.948622675030566
TTAACACCAGAGGTAGCAA,-10.218507660044688
AGGACACCAGAGGGAAGTG,-8.865693683907422
TGAACAGCAGATGTTGCTG,-7.482147110129534
TCCCAAGTAGGTGGAACTA,-9.90105704376178
CACCCAGGAGGTGGAGGTT,-9.019239250814758
CTGCCAGCAGGGATCGGGG,-9.312319587177452
TCGACAGGAGGTGGAACTC,-7.984431766278284
TTGCCATTAGAGGGCAGAG,-6.201447892701831
CTGTCAGTAGGGGGTTGAA,-8.891017941177145
CTGACTGAGGAGGGCACCA,-9.577832876111401
TGGGCAATAGGTGGTGGCA,-9.402621066630633
AACCCAGGAGGTGGAGGTT,-9.240415703716453
CTACCTGTAGGAGCCACCA,-9.256141534031352
CTACCACCACAGGACACTG,-10.493570899094625
TGAGCAGCATGGGGCACGC,-9.333543366214517
CAGACAGGAGAAGGCAGGA,-10.31671391203317
AGATCACTGGAAGGCGCTC,-7.253771248492765
AAGGCAGAAGAGGACAGTG,-10.620184994477667
CTGACTCCTGGTGGCGGTG,-7.299455810841939
CGGTCACAAGGGGGAGTGG,-8.008042227680232
CCACCAGCTGATGGCAGCT,-7.516353029210917
GGGCCGGAAGTTGGCAGCA,-7.351095176529257
AAACCATCAGCTGGCACCA,-8.09515059767093
GGACCTTAAGGGGGTGCTG,-9.44853904325306
TGGCCAGCAGGCGCCAGAA,-6.748415679743244
CCGGCAGCAGATGGCAACG,-7.077709103477566
TGACAACATGATGGCAGTA,-10.000072212920607
TGGACAGTAGGTGCAGCCC,-10.309924817781924
CGGCCGGAAGGGGGCGTGG,-6.331477826339595
AACCCGGCAGGTGGAGGTT,-8.761206113633955
GGACCAACAGGGGACTCAA,-9.677835447110825
CCATCACGAGGGTGCACCG,-8.399392861221305
ATACCAGTAGGAGAAACTC,-8.807123574125113
CAGCCAAAAGGTGGAAGCA,-8.198054340792904
AACCCAGGAGGTGGAGGCT,-9.021635918354447
TTGCCTGGAGGAGGTGACA,-9.814760685425531
ATTCCTTTAGATGGCGCAG,-6.743086343650326
TGCACCGCAGGGGTCACCA,-8.799925163502444
GGGCCAGCAGGAGGCTGGG,-9.106095084055774
TGGCCACAAGAGGGCTCTC,-3.6111903652672517
ACAACACTAGATGGAAATC,-9.259394542643133
TCTCCTGAAGAGGGCTGTC,-8.578320897770665
TTGCCACCAGGAATAGCTA,-10.50816109405997
TTTCCCAAAGAGGGCACCC,-8.293674979900572
CCATCAGCAGGGGTTGCTT,-9.406339058803448
TGATCAGCAGGTAGCAAAA,-9.282335745118434
AGGCCTGGAGGTAGCGCAG,-10.338663015939503
AGGCCACAAGATGTCAGAA,-6.663533092623174
CTTGCACTAGTGGGCACTC,-8.744713653744967
AGACCTGGAGGAGGAGGTA,-10.525623236028718
GTGCCTGGAGATGTCACTC,-8.581786100666546
TGCTCACTAAATGGCAGCA,-9.387993989953046
TGGCCAACGGATGGAACAC,-9.745059069996032
ATGTCAGCAGAGGGCTGTT,-8.95250493266986
TGGACACCAGGGAAAAGCA,-9.204240914218936
AACCCAGAAGGTGGAGGTT,-10.236927301324933
TGTCCACCTGGTAGTGCCA,-10.929373248411807
TGGCCAGCATAGGTCTGCA,-9.974996821278218
CGTCCACCAGGGGCAGGTA,-8.586904267526387
TCTCCTCCAGATGGCCGCT,-7.4676150091239295
TGGCCAACATGGGGAAACC,-7.427241076201331
CTAACTCCAGGTGTTGGCA,-9.908941945076394
GGGCCTGCAGAGGTCGCCA,-6.0339360891350555
CCCCCACCAGGTGCAGCCC,-7.100860155302197
TCCCCACCAGAGGGAAGTG,-7.8041851471339765
AGTCCAGAATGTGGAGCTG,-9.232556714216754
CTCCCAGCCGGGGGCACAG,-8.469426146634847
GTGCCAGAAGAGGGAAAAG,-7.909306515691355
TGATCATCAGAGGGAGGTA,-9.011836493228444
TAGTAACTAGGGGGCAGCA,-6.798825119679664
CTGCCTCCAGAGCACACTG,-9.755849574025175
TTTCCAGCAGTGGGAAAAG,-8.954692294420697
AAGTCAACAGGGGGCTGTA,-10.25886224477306
TAGCCAAAAGGTGGAAACA,-10.114875347635257
TCTCCAAAAGGGAGCACTA,-8.168684168396066
CAACCTCCAGAGGGCGCCG,-4.948870615544437
CAGGCACTGGGGGGCACAG,-8.734237107871788
TTTCCACCAGGAGGCCACT,-7.26464265006037
CATCCAGCAGAAGGCTCAC,-8.617921489609927
TTAACACCAGGGAGAACTG,-9.405769280441476
GGTCCACAAGATAGCAGGA,-10.074019579920359
AGGCCAGAAGGAAGCAGGA,-9.593421268692696
TGGTCAGCAGGGCTCGGCA,-9.475006852052047
TTACCAGGAAGGGGAACCA,-10.996445619754194
AGCCCAGGAGGTGGAGGTT,-9.816429740645864
CCTCCATTAGGAGGAGCTC,-8.085137756472722
TCCCAAGAAGGTGGAGGCA,-9.079371425945409
CAGCCAGTGGAAGGCAGAG,-9.694964559466559
TAACCAACAGGTGGCACAT,-8.521823103187575
CAACCAGCAAAGGCCAGTA,-10.876485001510044
TTTCCAGAAGGAGGGAGTG,-8.39955191651537
TGTCCAGCAGCTGGCAGGG,-8.835570062335313
TCACCAGAAGGAGTTGCTG,-9.023827684316917
TGACCACTATGGGGAAGCA,-8.224243718014188
AGACCAAGAGAGGGAATTA,-9.483039081539948
TGGCACGCAGAGGGCAGGC,-9.116531712447127
TTGCCAGCAGGTGCCACCA,-7.620622749113504
AACCCAGGAGGTGGAGGTT,-9.672612635129509
GGAGCAGCAGGTGGAAGGG,-9.634214098540427
CGGCCACTGCGGGGAGCCC,-7.288204750602326
CCAGCTCTAGAGGACACCG,-8.789998708532142
TGTCCACCAAGTTGCAGTC,-9.045933669606386
TTGACAGCTGAGGGCTCCC,-8.880877826963983
TACCCACTAGGTGGGTCCA,-9.77278566782748
TTTCCAGTATAGGGCGAAA,-7.869675588305351
TGTACACCAGGGGGAGAAA,-8.120615711840887
AACCCAGGAGGTGGAGGTT,-9.551756674402125
CAACCACTAGATGAAGTAG,-7.972353711325992
TGGCCGGCTGGGCGCGGTG,-7.868118190655025
TCCCTAGCAGAAGGCAGCA,-9.295608348828226
TGACCATCTGAGGACACTC,-9.665699489358568
ATACCAGCAGGTGCAGATA,-9.128938208808288
GGACCACCTGGAGGAGGAA,-8.630862282821042
ATCCCAGCAGATGACTCCA,-10.401895575610407
ATATCTGCAGGTGGCAACG,-9.728300050877312
TTTCCTCTAGGTAGCACAT,-10.044404625524542
AACCCAGGAGGTGGAGGTT,-8.818059090215385
TCACCTCCAGAGGTTAACA,-9.746780755404224
AAGCAAGCAGGGGTAGCTA,-8.972609762678108
TGGACAGCACAGGGCACAT,-9.960687883573215
CAGACAGAAGAGGGGGCTA,-9.302828644945782
TTACTACTAGATGGAGTCA,-9.62698610652187
AACCCAGGAGGTGGCGCTT,-7.205366637673109
AGGACACAAGGGGGTGGTT,-9.287745471277386
TGGGCAGAAGGGGGAGGGT,-10.021077260053138
GTGCCAGAAGATGACAGAA,-8.224419134627441
TACCCAGCAGATGGTGAGA,-8.404266661660632
TTGTCACTAGGGGCCACCC,-8.979851061668883
TCCCCGCCAGGTGACACTC,-7.111862474465258
CTTCCACCTGAGGTCGGTC,-7.30050466310376
CACCAAATAGATGGCACCA,-8.94964028074322
TGGCCAGTGGGGCTCAGCA,-9.62625446977326
CAAGCAGCAGGTGTCTCTA,-9.186291585146591
AGGCCAGAAGATGAGGCTG,-11.070393483839087
TGTCCAGCAGGGAGAACAG,-10.128198555998225
GGACCATTAGGGGGCGCTC,-4.205450998980912
TGGAAAGCAGGTGGTACAA,-9.38322290470004
TGAACTGATGGTGGCACTG,-9.558900747552157
AACCCAGAAGGAGGAACTG,-11.245155517459946
AGCCCACCAGAGAGCTCTG,-8.083205917141127
CGGCCAGGAGGAGACGCTC,-7.053028270811218
GGCCCTGTAGGTGACAGTG,-9.720918710054592
AACCCAGGAGGTGGAGGTT,-10.1730277462698
GAGCCAGCAGAAGGTAGAT,-10.268318989682806
ATCCCAGCAGAGAGCACAG,-9.384252391273863
TCCCCTCCAGGAGGCAGTG,-7.246803438431297
ATGGCAGTAGGTGGCATTT,-8.360344450674962
TGGGCAACAGAGGGAGAAC,-10.190668773579985
ACACCTGGAGAGGGCGGGG,-8.33370914473145
CAGCCCGCAGGAGGAGACG,-8.018331775296852
TGCCCACCAGAGGACATTT,-8.068094009447291
AGGCCCCCAGGTGGCAGCC,-5.758278088135502
GACCCAGGAGGTGGAGGTT,-9.464835228200098
CTGTCAGTTGAGGGCACAC,-9.155784588614672
AACCCAGGAGGTGGAGGTT,-9.755489355254745
GGACCAGCAGGTGACTTCA,-9.96221701936396
TGGCCAGAAAGTGGTGGTG,-9.917393985407372
ATCCCTCAAGAGGGAGCCC,-7.524477600876981
CAATCACCAGGGGACATTA,-8.871412905298325
CGGCCACTTGGGGCAGGAA,-8.566947293502794
TGAGCACCAGAGAGCAGCT,-9.568397794809416
GAGTCACTAGAGGTCAGGC,-9.392348071776228
TGGCTACCAGGTGGAATAC,-10.431845625019566
ACTCCATTAGGGGGCGTGA,-7.615865068954609
AAACCAAAAGAGGGAGACC,-9.417421965050142
TTAACAATAGGGGGCGTCA,-6.249133280070427
TGGACACTAGGTGGCGCCC,-2.7787050830842857
GTGCCCGCAGAGGACACAG,-8.580135159748442
TTGTCAGCAGGAGGAAGGC,-9.670194820657986
CAGCCTCCAGAGGGTCTTA,-9.575715233508145
AGGTCAGGAGGGGGAGGAG,-9.496552060001163
CCTCCAGCTGGTGACAGCC,-8.30569993450422
TACCAACCAGAAGGCACAA,-8.882153391398996
GCTCCACTAGGTGTCAGGC,-6.144959397373174
AATCCAGAAGATGGAGCAG,-7.92666422032346
GGACCACTTGATGTCAGGA,-9.180966001389196
TGCACAGCAGATGGAGATT,-8.82538138438473
CAAACACCAGAAGGTAGAA,-10.332741085217227
AACCCAGGAGGTGGAGGTT,-9.53454215248204
TTACCACTTGGAGGTGCTA,-6.975099445917616
TTTCCTCATGGAGGCAGCA,-7.729870579707479
TTTCCACCAGAGGCCCCTC,-8.408536218611738
TCAGCTGCAGGGGGCGCTC,-5.701268077668747
CAGCCTGCAGAGGTTGGCA,-9.111716394439023
CCACCACCAGGGGCCTCAA,-7.841644268486622
TGAACCCCGGGGGGCGGAG,-9.167403951230318
TGACCAGGAGGGTGCAGGT,-9.823611717289225
AAGCCAACAGAAGGAACCA,-9.815577488474641
TCATCAGCAGGTGTAGGCA,-9.033998855313715
CCTCCTCCAGCTGGTGCTG,-7.513192794902561
AACCCAGGAGGTGGAGGTT,-9.891736278834593
TTGCCAGCTGATGGCAACC,-8.991624849075787
AACCCAGGAGGTGGAGGTT,-9.75286895934527
AACCCAGGAGGTGGAGCTT,-10.721584584468536
ACATCAGCAGGAGGAGCCC,-8.95313096317978
CTACAACAAGGAGGCAGAA,-10.767797929748536
GGATCACCAGAGGTCGGAG,-8.480682872545772
CTACCAAGAGATGGAAGTG,-9.499319540665152
TGTCCAGAAGAGGACAATC,-8.59456146222067
CAGCCAGGAGGGGCCAATA,-9.349551302908365
CGGCCACCACGTAGCGGTC,-7.719606169306932
CAACCATTTGGGGGCACCT,-8.662043002423648
TGCCCAGAAGAGGGCACAG,-6.44450132531638
ACAGCTCCAGAGGGCAATC,-9.675680687346668
TAGGCTGAAGGTGACAGCA,-9.577032955976941
AGAACAGCAGGGGCCGCCC,-7.69772362741942
CCGCCAGTTGGTGGAGAAG,-7.734522876615994
TGTCCAGAAGATAGAAATA,-8.833405034244596
TCACCACTAGGTTGCAGTC,-6.689919051253842
GAACCTCCAGAGGGAAAAG,-8.01450961234567
TGCTCAGCAGGTGACAGAG,-9.173102055487698
TGGCCAACATGGGGAAACC,-9.18517652532398
TAGCCTGCAGAAGGTGTTC,-10.54896217478553
GTCCCACAAGGTGTCAATG,-8.071053477442355
TGGCTTGCAGGGGAAGCTG,-9.797612465896986
ATTCCTTTAGATGGCGCAG,-6.252345643969622
TAGCCAAAAGGCGGAAGCA,-10.228762734853557
CCACCACCAGAAAGCAGGA,-8.375279316206138
CATCCGCCAGGTGGGGACA,-6.937967416750954
AACCCACCAGGAGGCGGAG,-7.54175580615111
